{"cameraMode":{"drawMode":0,"name":"Shaded","section":"Shading Mode"},"sceneLighting":false,"audioPlay":false,"sceneViewState":{"m_AlwaysRefresh":false,"showFog":true,"showSkybox":false,"showFlares":true,"showImageEffects":true,"showParticleSystems":true,"showVisualEffectGraphs":true,"m_FxEnabled":true},"in2DMode":false,"pivot":{"x":-1.8499999046325684,"y":0.38999998569488528,"z":-7.769999980926514},"rotation":{"x":-0.025210190564393998,"y":-0.725919246673584,"z":0.026129886507987977,"w":-0.6869536638259888},"size":0.8660256266593933,"orthographic":false}